name;category;img;tag;unity;newproduct
2 galettes bretonnes pur beurre Kercadelac; Biscuits - Viennoiseries - Pompote;2-galettes-bretonnes-pur-beurre-kercadelac-15gr.png;2 galettes bretonnes pur beurre Kercadelac;15gr;true
2 ptits croquants x2 Kercadelac; Biscuits - Viennoiseries - Pompote;2-ptits-croquants-x2-kercadelac-15gr.png;2 ptits croquants x2 Kercadelac;15gr;true
4 œufs Kinder Surprise;Confiseries et emballages de Pâques;4-oeufs-kinder-surprises-80gr.png;4 œufs Kinder Surprise;80gr;true
Amigo multivitamine;Jus de fruits;amigo-multivitamine-20cl.png;Amigo multivitamine;20cl;true
Assortiment friture noir lait réveillon;Confiseries et emballages de Pâques;assortiment-friture-noir-lait-reveillon-190gr.png;Assortiment friture noir lait réveillon;190gr;true
Attache boule choco lait;Chocolats saisonniers;attache-boule-choco-lait-12gr.png;Attache boule choco lait;12gr;true
Barre céréale Granola LU;Barres chocolatées;barre-cereale-grany-lu-21gr.png;Barre céréale Granola LU;21gr;true
Barre Crunchy's;Barres chocolatées;barre-crunchys-40gr.png;Barre Crunchy's;40gr;true
Barre de céréales chocolat; Biscuits - Viennoiseries - Pompote;barre-de-cereales-chocolat-45gr.png;Barre de céréales chocolat;45gr;true
Barre de nougat tendre;Confiseries fantaisies;barre-de-nougat-tendre-20gr.png;Barre de nougat tendre;20gr;true
Barre Kinder Bueno;Barres chocolatées;barre-kinder-bueno-2x21-5gr.png;Barre Kinder Bueno;2x21.5gr;true
Barre Kinder Country;Barres chocolatées;barre-kinder-country-23-5gr.png;Barre Kinder Country;23.5gr;true
Barre Kinder T4;Barres chocolatées;barre-kinder-t4-12-5gr.png;Barre Kinder T4;12.5gr;true
Barre Kit Kat;Barres chocolatées;barre-kit-kat-x3-41-5gr.png;Barre Kit Kat;3x41.5gr;true
Barre Lion Nestlé;Barres chocolatées;barre-lion-nestle-42gr.png;Barre Lion Nestlé;42gr;true
Barre Maoam Haribo;Confiseries fantaisies;barre-maoam-haribo-13gr.png;Barre Maoam Haribo;13gr;true
Barre Mars cœur coulant;Barres chocolatées;barre-mars-coeur-coulant-50gr.png;Barre Mars cœur coulant;50gr;true
Barre Milky Way;Barres chocolatées;barre-milky-way-17gr.png;Barre Milky Way;17gr;true
Barre mini Bounty;Barres chocolatées;barre-mini-bounty-31gr.png;Barre mini Bounty;31gr;true
Barre mini Lion;Barres chocolatées;barre-mini-lion-12-4gr.png;Barre mini Lion;12.4gr;true
Barre mini Mars;Barres chocolatées;barre-mini-mars-20gr.png;Barre mini Mars;20gr;true
Barre mini Snickers;Barres chocolatées;barre-mini-snickers-20gr.png;Barre mini Snickers;20gr;true
Barre mini Twix;Barres chocolatées;barre-mini-twix-22gr.png;Barre mini Twix;22gr;true
Barre tête brûlée Verquin;Confiseries fantaisies;barre-tete-brulee-verquin-10gr.png;Barre tête brûlée Verquin;10gr;true
Bâton pâte à mâcher;Confiseries fantaisies;baton-pate-a-marcher-7-7gr.png;Bâton pâte à mâcher;7.7gr;true
Berlingot compote bio;Confiseries bio et commerce équitable;berlingot-compote-bio-100gr.png;Berlingot compote bio;100gr;False
Bille de Noël chocolat;Chocolats saisonniers;bille-de-noel-chocolat-5gr.png;Bille de Noël chocolat;5gr;False
Bille tête brûlée cola Verquin;Confiseries fantaisies;bille-tete-brulle-cola-verquin-3gr.png;Bille tête brûlée cola Verquin;3gr;False
Boîte métal œuf;Confiseries et emballages de Pâques;boite-metal-oeuf.png;Boîte métal œuf; ;False
Boîte mini Smarties;Barres chocolatées;boite-mini-smarties-16-6gr.png;Boîte mini Smarties;16.6gr;False
Bonbon Krema Regalad;Confiseries fantaisies;bonbon-krema-regalad-4-5gr.png;Bonbon Krema Regalad;4.5gr;False
Bonbon Soft Fruit Vidal;Confiseries fantaisies;bonbon-soft-fruit-vidal-6gr.png;Bonbon Soft Fruit Vidal;6gr;False
Bonbon sucre de canne bio;Confiseries bio et commerce équitable;bonbon-sucre-de-canne-bio-5gr.png;Bonbon sucre de canne bio;5gr;False
Bouchée orange crème brûlée;Confiseries chocolatées;bouche-orange-creme-brule-11gr.png;Bouchée orange crème brûlée;11gr;False
Bouchée argent chocolat lait fourrée crème;Confiseries chocolatées;bouchee-argent-chocolat-lait-fourree-creme-11gr.png;Bouchée argent chocolat lait fourrée crème;11gr;False
Bouchée bleue chocolat noir;Confiseries chocolatées;bouchee-bleue-chocolat-noir-11gr.png;Bouchée bleue chocolat noir;11gr;False
Bouchée Bounty;Confiseries chocolatées;bouchee-bounty-10-2gr.png;Bouchée Bounty;10.2gr;False
Bouchée Mars;Confiseries chocolatées;bouchee-mars-10gr.png;Bouchée Mars;10gr;False
Bouchée or chocolat lait croustillant;Confiseries chocolatées;bouchee-or-chocolat-lait-croustillant-11gr.png;Bouchée or chocolat lait croustillant;11gr;False
Bouchée Snickers;Confiseries chocolatées;bouchee-snickers-10-2gr.png;Bouchée Snickers;10.2gr;False
Bouchée Twix;Confiseries chocolatées;bouchee-twix-10gr.png;Bouchée Twix;10gr;False
Bouchée Chokotof;Confiseries chocolatées;boucheze-chokotof-9-8gr.png;Bouchée Chokotof;9.8gr;False
Boule bleue chocolat noir stracciatella;Confiseries chocolatées;boule-bleue-choclat-noir-stracciatella-13gr.png;Boule bleue chocolat noir stracciatella;13gr;False
Boule chocolat Fairtrade Reigelein;Confiseries bio et commerce équitable;boule-chocolat-fairtrade-reigelein-6-5gr.png;Boule chocolat Fairtrade Reigelein;6.5gr;False
Boule coco sous cello;Confiseries fantaisies;boule-coco-sous-cello-11gr.png;Boule coco sous cello;11gr;False
Boule Lindor lait;Confiseries chocolatées;boule-lindor-lait-12-gr.png;Boule Lindor lait;12gr;False
Boule orange chocolat et spéculoos;Confiseries chocolatées;boule-orange-chocolat-ee-speculos-13gr.png;Boule orange chocolat et spéculoos;13gr;False
Briquette jus de pomme 100 % bio Sill;Confiseries bio et commerce équitable;briquette-jus-de-pomme-100-bio-sill-20cl.png;Briquette jus de pomme 100 % bio Sill;20cl;False
Briquette jus de pomme concentré;Jus de fruits;briquette-jus-de-pomme-concentre-20cl.png;Briquette jus de pomme concentré;20cl;False
Briquette jus orange concentré;Jus de fruits;briquette-jus-orange-concentre-20cl.png;Briquette jus orange concentré;20cl;False
Briquette pur jus de fruits 100 % orange;Jus de fruits;briquette-pur-jus-de-fruits-100-orange-20cl.png;Briquette pur jus de fruits 100 % orange;20cl;False
Briquette pur jus de fruits 100 % orange bio;Confiseries bio et commerce équitable;briquette-pur-jus-de-fruits-100-orange-bio-20cl.png;Briquette pur jus de fruits 100 % orange bio;20cl;False
Briquette pur jus de fruits 100 % pomme;Jus de fruits;briquette-pur-jus-de-fruits-100-pomme-20cl.png;Briquette pur jus de fruits 100 % pomme;20cl;False
Briquette Rauch orange jus de fruits;Jus de fruits;briquette-rauch-orange-jus-de-fruits-20cl.png;Briquette Rauch orange jus de fruits;20cl;False
Brownie en barre; Biscuits - Viennoiseries - Pompote;brownie-en-barre-50gr.png;Brownie en barre;50gr;False
Brownie pépites chocolat Kercadelac; Biscuits - Viennoiseries - Pompote;brownie-pepites-chocolat-kercadelac-30gr.png;Brownie pépites chocolat Kercadelac;30gr;False
Cake and Choc Milka; Biscuits - Viennoiseries - Pompote;cake-and-choc-milka-35gr.png;Cake and Choc Milka;35gr;False
Cake au chocolat bio;Confiseries bio et commerce équitable;cake-au-chocolat-bio-30gr.png;Cake au chocolat bio;30gr;False
Cake aux fruits Kercadelac; Biscuits - Viennoiseries - Pompote;cake-aux-fruits-kercadelac-30gr.png;Cake aux fruits Kercadelac;30gr;False
Candy Cane sucre cuit;Confiseries fantaisies;candy-sane-sucre-cuit-12gr.png;Candy Cane sucre cuit;12gr;False
Capri Sun Bio fruits rouges;Confiseries bio et commerce équitable;capri-sun-bio-fruits-rouges-20cl.png;Capri Sun Bio fruits rouges;20cl;False
Capri Sun orange;Jus de fruits;capri-sun-orange-20cl.png;Capri Sun orange;20cl;False
Carambar Fruits;Confiseries fantaisies;carambar-fruits-10gr.png;Carambar Fruits;10gr;False
Carré de chocolat lait bio et équitable;Confiseries bio et commerce équitable;carre-de-chocolat-lait-bio-et-ethiquable-4gr.png;Carré de chocolat lait bio et équitable;4gr;False
Chamallows Haribo;Confiseries fantaisies;chamallows-haribo-100gr.png;Chamallows Haribo;100gr;False
Collier emballé;Confiseries fantaisies;collier-emballe-17gr.png;Collier emballé;17gr;False
Compote fraise St Mamet berlingot; Biscuits - Viennoiseries - Pompote;compote-fraise-st-mamet-berlingot-100gr.png;Compote fraise St Mamet berlingot;100gr;False
Compote pomme allégée St Mamet; Biscuits - Viennoiseries - Pompote;compote-pomme-allegee-st-mamet-90gr.png;Compote pomme allégée St Mamet;90gr;False
Compote pomme St Mamet berlingot; Biscuits - Viennoiseries - Pompote;compote-pomme-st-mamet-berlingot-100gr.png;Compote pomme St Mamet berlingot;100gr;False
Cookies pépites de chocolat; Biscuits - Viennoiseries - Pompote;cookies-pepites-de-chocolat-16gr.png;Cookies pépites de chocolat;16gr;False
Coquillage Roudoudou;Confiseries fantaisies;coquillage-roudoudou-9gr.png;Coquillage Roudoudou;9gr;False
Crack Ups fruits;Confiseries fantaisies;crack-ups-fruits-2gr.png;Crack Ups fruits;2gr;False
Crousty noisette chocolat lait Fairtrade;Confiseries bio et commerce équitable;crousty-noisette-chocolat-lait-fairtrade-5gr.png;Crousty noisette chocolat lait Fairtrade;5gr;False
Douceur bleue chocolat lait;Confiseries chocolatées;douceur-bleue-chocolat-lait-11gr.png;Douceur bleue chocolat lait;11gr;False
Douceur brune chocolat lait cœur caramel;Confiseries chocolatées;douceur-brune-choclat-lait-coeur-caramel-11gr.png;Douceur brune chocolat lait cœur caramel;11gr;False
Douceur or chocolat lait praliné;Confiseries chocolatées;douceur-or-chocolat-lait-praline-11gr.png;Douceur or chocolat lait praliné;11gr;False
Eau Cristaline bouchon sport bouteille;Jus de fruits;eau-cristaline-bouchon-sport-bouteille-33cl.png;Eau Cristaline bouchon sport bouteille;33cl;False
Eau Evian bouteille;Jus de fruits;eau-evian-bouteille-33cl.png;Eau Evian bouteille;33cl;False
Escargot chocolat lait marbré praliné;Confiseries chocolatées;escoragot-chocolat-lait-marbre-praline-12-5gr.png;Escargot chocolat lait marbré praliné;12.5gr;False
Étui pépites acides;Confiseries fantaisies;etui-pepites-acides-16gr.png;Étui pépites acides;16gr;False
Figurines chocolat lait;Chocolats saisonniers;figurunes-chocolat-lait-5gr.png;Figurines chocolat lait;5gr;False
Fini Boom fraise;Confiseries fantaisies;fini-boom-fraise-5gr.png;Fini Boom fraise;5gr;False
Friture chocolat lait;Confiseries et emballages de Pâques;friture-chocolat-lait-6-7gr.png;Friture chocolat lait;6.7gr;False
Friture chocolat noir;Confiseries et emballages de Pâques;friture-chocolat-noir-6-7gr.png;Friture chocolat noir;6.7gr;False
Fruit Shoot multivitamine Teisseire;Jus de fruits;fruit-shoot-multivitamine-teisseire-20cl.png;Fruit Shoot multivitamine Teisseire;20cl;False
Fruitella pâte à mâcher fruits;Confiseries fantaisies;fruitella-pate-a-macher-fruits-4gr.png;Fruitella pâte à mâcher fruits;4gr;False
Galettes bretonnes au beurre x2 bio;Confiseries bio et commerce équitable;galettes-bretonnes-au-beurre-x2-bio-15gr.png;Galettes bretonnes au beurre x2 bio;15gr;False
Gaufrette Quadro;Barres chocolatées;gauffrette-quadro-20-7gr.png;Gaufrette Quadro;20.7gr;False
Guimauve Top Malloiw;Confiseries fantaisies;guimauve-top-malloiw-8gr.png;Guimauve Top Malloiw;8gr;False
Lapin or Lindt;Confiseries et emballages de Pâques;lapin-or-lindt-100gr.png;Lapin or Lindt;100gr;False
Lingot or chocolat lait;Confiseries chocolatées;lingot-or-chocolat-lait-20gr.png;Lingot or chocolat lait;20gr;False
Madeleine bio Les Ster;Confiseries bio et commerce équitable;madeleine-bio-les-ster-25gr.png;Madeleine bio Les Ster;25gr;False
Madeleine maxi bio Kercadelac;Confiseries bio et commerce équitable;madeleine-maxi-bio-kercadelac-45gr.png;Madeleine maxi bio Kercadelac;45gr;False
Madeleine maxi nature Kercadelac; Biscuits - Viennoiseries - Pompote;madeleine-maxi-nature-kercadelac-50gr.png;Madeleine maxi nature Kercadelac;50gr;False
Madeleine moelleuse extra nature Kercadelac; Biscuits - Viennoiseries - Pompote;madeleine-moelleuse-extra-nature-kercadelac-25gr.png;Madeleine moelleuse extra nature Kercadelac;25gr;False
Maoam Bloxx Haribo;Confiseries fantaisies;maoam-bloxx-haribo-4-4gr.png;Maoam Bloxx Haribo;3.4gr;False
Madeleine marbrée chocolat Kercadelac; Biscuits - Viennoiseries - Pompote;medeleine-marbree-chocolat-kercadelac-25gr.png;Madeleine marbrée chocolat Kercadelac;25gr;False
Madeleine maxi cœur fraise Kercadelac; Biscuits - Viennoiseries - Pompote;medeleine-maxi-coeur-fraise-kercadelac-40gr.png;Madeleine maxi cœur fraise Kercadelac;40gr;False
Meringue bio;Confiseries bio et commerce équitable;meringue-bio-10gr.png;Meringue bio;10gr;False
Mini Bueno;Confiseries chocolatées;mini-buneo-5-4gr.png;Mini Bueno;5.4gr;False
Mini cake fruits confits Kercadelac; Biscuits - Viennoiseries - Pompote;mini-cake-fruits-confits-kercadelac-30gr.png;Mini cake fruits confits Kercadelac;30gr;False
Mini Calisson Roy René;Confiseries fantaisies;mini-calisson-roy-rene-6-5gr.png;Mini Calisson Roy René;6.5gr;False
Mini Carambar Fruits;Confiseries fantaisies;mini-carambar-fruits-4gr.png;Mini Carambar Fruits;4gr;False
Mini Kinder Country;Confiseries chocolatées;mini-kinder-country-5-3gr.png;Mini Kinder Country;5.3gr;False
Mini Kit Kat;Barres chocolatées;mini-kit-kat-17gr.png;Mini Kit Kat;17gr;False
Mini Maoam Bloxx Haribo;Confiseries fantaisies;mini-maoma-bloxx-haribo-4-5gr.png;Mini Maoam Bloxx Haribo;4.5gr;False
Mini Napolitains chocolat lait Fairtrade;Confiseries bio et commerce équitable;mini-napolitains-chocolat-lait-fairtrade-11-3gr.png;Mini Napolitains chocolat lait Fairtrade;11.3gr;False
Mini Papillote Malakoff lait amande;Confiseries papillotes réveillon;mini-papillote-malakoff-lait-amande-10-7gr.png;Mini Papillote Malakoff lait amande;10.7gr;False
Mini pâte de fruits;Confiseries fantaisies;mini-pate-de-fruits-6gr.png;Mini pâte de fruits;6gr;False
Mini Pick Up;Barres chocolatées;mini-pick-up-10-6gr.png;Mini Pick Up;10.6gr;False
Mini PN chocolat lait Fairtrade;Confiseries bio et commerce équitable;mini-pn-chocolat-lait-fairtrade-5gr.png;Mini PN chocolat lait Fairtrade;5gr;False
Mini PN massif;Chocolats saisonniers;mini-pn-massif-5gr.png;Mini PN massif;5gr;False
Mini rouleau Mentos;Confiseries fantaisies;mini-rouleau-mentos-10-5gr.png;Mini rouleau Mentos;10.5gr;False
Mini sachet Dragibus Haribo;Sachets gélifies;mini-sachet-dragibus-hribo-10gr.png;Mini sachet Dragibus Haribo;10gr;False
Mini sachet gélifiés;Sachets gélifies;mini-sachet-gelifies-15gr.png;Mini sachet gélifiés;15gr;False
Mini sachet Happy Cola Haribo;Sachets gélifies;mini-sachet-happy-cola-haribo-12gr.png;Mini sachet Happy Cola Haribo;12gr;False
Mini sachet Ours d'Or Haribo;Sachets gélifies;mini-sachet-ours-d-or-haribo-10gr.png;Mini sachet Ours d'Or Haribo;10gr;False
Mini sachet PG Ilétaitunefois;Sachets gélifies;mini-sachet-pg-20gr-iletaitunefois.png;Mini sachet PG Ilétaitunefois;20gr;False
Mini sachet PG Cumulonimbus;Sachets gélifies;mini-sachet-pg-cumulonimbus.png;Mini sachet PG Cumulonimbus;-;False
Mini sachet Starmix Haribo;Sachets gélifies;mini-sachet-starmix-haribo-25gr.png;Mini sachet Starmix Haribo;25gr;False
Mini Toblerone lait;Barres chocolatées;mini-toblerone-lait8-8gr.png;Mini Toblerone lait;8.8gr;False
Moelleux chocolat Kercadelac; Biscuits - Viennoiseries - Pompote;moelleux-chocolat-kercadelac-40gr.png;Moelleux chocolat Kercadelac;40gr;False
Moelleux citron Kercadelac; Biscuits - Viennoiseries - Pompote;moelleux-citron-kercadelac-40gr.png;Moelleux citron Kercadelac;40gr;False
Moelleux fromage blanc Kercadelac; Biscuits - Viennoiseries - Pompote;moelleux-fromage-blanc-kercadelac-40gr.png;Moelleux fromage blanc Kercadelac;40gr;False
Montre emballée dextrose;Confiseries fantaisies;montre-emballee-dextrose-14gr.png;Montre emballée dextrose;14gr;False
Napolitain Milka;Confiseries chocolatées;napolitain-milka-4-6gr.png;Napolitain Milka;4.6gr;False
Napolitain sous cello;Barres chocolatées;napolitain-sous-cello-30gr.png;Napolitain sous cello;30gr;False
Oeuf Kinder Surprise;Confiseries et emballages de Pâques;oeuf-kinder-surprise-20gr.png;Oeuf Kinder Surprise;20gr;False
Oeuf surprise Kinder;Confiseries et emballages de Pâques;oeuf-surprise-kinder-20gr.png;Oeuf surprise Kinder;20gr;False
Oeufs de Pâques sous alu;Confiseries et emballages de Pâques;oeufs-de-paques-sous-alu-7-5gr.png;Oeufs de Pâques sous alu;7.5gr;False
Oeufs de Pâques sous alu;Confiseries et emballages de Pâques;oeufs-de-paques-sous-alu-12-5gr.png;Oeufs de Pâques sous alu;12.5gr;False
Oeufs de Pâques sous alu;Confiseries et emballages de Pâques;oeufs-de-paques-sous-alu-20gr.png;Oeufs de Pâques sous alu;20gr;False
Ourson guimauve Cemoi;Barres chocolatées;ourson-guimauve-cemoi-12-7gr.png;Ourson guimauve Cemoi;12.7gr;False
Ourson or Reigelein;Chocolats saisonniers;ourson-or-reigelein-5gr.png;Ourson or Reigelein;5gr;False
Paille dextrose fluo;Confiseries fantaisies;paille-dextrose-fluo-1-5gr.png;Paille dextrose fluo;1.5gr;False
Pailootines x2 pur beurre bio;Confiseries bio et commerce équitable;pailootines-x2-pur-beurre-bio-20gr.png;Paillettes x2 pur beurre bio;20gr;False
Palet breton bio Kercadelac;Confiseries bio et commerce équitable;palet-breton-bio-kercadelac-15gr.png;Palet breton bio Kercadelac;15gr;False
Palet breton pur beurre Kercadelac; Biscuits - Viennoiseries - Pompote;palet-breton-pur-beurre-kercadelac-15gr.png;Palet breton pur beurre Kercadelac;15gr;False
Palmiers x2 bio;Confiseries bio et commerce équitable;palmiers-x2-bio-75gr.png;Palmiers x2 bio;75gr;False
Papillote 3 assorties lait;Confiseries papillotes réveillon;papillote-3-assorties-lait-12-10gr.png;Papillote 3 assorties lait;12.10gr;False
Papillote boule argentée choco lait;Confiseries papillotes réveillon;papillote-boule-argentee-choco-lait-11gr.png;Papillote boule argentée choco lait;11gr;False
Papillote boule chocolat lait;Confiseries papillotes réveillon;papillote-boule-chocolat-lait-10gr.png;Papillote boule chocolat lait;10gr;False
Papillote double praliné cœur noisette;Confiseries papillotes réveillon;papillote-double-praline-coeur-noisette-10gr.png;Papillote double praliné cœur noisette;10gr;False
Papillote douceur céréales craquantes;Confiseries papillotes réveillon;papillote-douceur-cereales-craquantes-8-2gr.png;Papillote douceur céréales craquantes;8.2gr;False
Papillote éclat cookies chocolat lait;Confiseries papillotes réveillon;papillote-eclat-cookies-chocolat-lait-9-6gr.png;Papillote éclat cookies chocolat lait;9.6gr;False
Papillote éclat de meringue chocolat lait;Confiseries papillotes réveillon;papillote-eclat-de-meringue-chocolat-lait-9-6gr.png;Papillote éclat de meringue chocolat lait;9.6gr;False
Papillote éclats de biscuit;Confiseries papillotes réveillon;papillote-eclats-de-biscuit-11-3gr.png;Papillote éclats de biscuit;11.3gr;False
Papillote gel de fruits;Confiseries papillotes réveillon;papillote-gel-de-fruits-6gr.png;Papillote gel de fruits;6gr;False
Papillote guimauve chocolat lait;Confiseries papillotes réveillon;papillote-guimauve-chocolat-lait-12gr.png;Papillote guimauve chocolat lait;12gr;False
Papillote nougat;Confiseries fantaisies;papillote-noougat-7gr.png;Papillote nougat;7gr;False
Papillote PDF qualité réveillon;Confiseries papillotes réveillon;papillote-pdf-qualite-reveillon-12-60gr.png;Papillote PDF qualité réveillon;12.60gr;False
Père Noël Reigelein;Chocolats saisonniers;pere-noel-riegelein-12-gr.png;Père Noël Reigelein;12gr;False
Père Noël Reigelein;Chocolats saisonniers;pere-noel-riegelein-25-gr.png;Père Noël Reigelein;25gr;False
Père Noël Reigelein;Chocolats saisonniers;pere-noel-riegelein-40-gr.png;Père Noël Reigelein;40gr;False
Petit chocolat lait de Noël;Chocolats saisonniers;petit-chocolat-lait-de-noel-5gr.png;Petit chocolat lait de Noël;5gr;False
Petits beurres bio x2 Kercadelac;Confiseries bio et commerce équitable;petits-beurre-bio-x2-kercadelac-20gr.png;Petits beurres bio x2 Kercadelac;20gr;False
Pickraki barre; Biscuits - Viennoiseries - Pompote;pickraki-barre-40gr.png;Pickraki barre;40gr;False
Pièce euro lait;Confiseries chocolatées;piece-euro-lait-5gr.png;Pièce euro lait;5gr;False
Papillote pâte de fruits;Confiseries papillotes réveillon;pipillote-pates-de-fruits-12-40gr.png;Papillote pâte de fruits;12.40gr;False
PN BN Reigelein;Chocolats saisonniers;pn-bn-riegelein-14-gr.png;PN BN Reigelein;14gr;False
PN massif Reigelein;Chocolats saisonniers;pn-massif-riegelein-7-5gr.png;PN massif Reigelein;7.5gr;False
Pomme de pin;Chocolats saisonniers;pomme-de-pin-12-5gr.png;Pomme de pin;12.5gr;False
Pot Nut Co;Barres chocolatées;pot-nut-co-52gr.png;Pot Nut Co;52gr;False
P'tit carré fraise Kercadelac; Biscuits - Viennoiseries - Pompote;ptit-carre-fraise-kercadelac-40gr.png;P'tit carré fraise Kercadelac;40gr;False
P'tit fourré chocolat Kercadelac; Biscuits - Viennoiseries - Pompote;ptit-fourre-chocolat-kercadelac-30gr.png;P'tit fourré chocolat Kercadelac;30gr;False
Renne choco lait;Chocolats saisonniers;renne-choco-lait-12gr.png;Renne choco lait;12gr;False
Renne chocolat lait Fairtrade;Confiseries bio et commerce équitable;renne-chocolat-lait-fairtrade-12gr.png;Renne chocolat lait Fairtrade;12gr;False
Rouleau dextrose;Confiseries fantaisies;rouleau-dextrose-7gr.png;Rouleau dextrose;7gr;False
Roulette cola Haribo;Confiseries fantaisies;roulette-cola-haribo-25gr.png;Roulette cola Haribo;25gr;False
Sachet bio vegan YumEarth;Confiseries bio et commerce équitable;sachet-bio-vegan-yumearth-20gr.png;Sachet bio vegan YumEarth;20gr;False
Sachet guimauve marshmallow;Sachets gélifies;sachet-guimauve-marshmallow-50gr.png;Sachet guimauve marshmallow;50gr;False
Sachet oursons grenade bio;Confiseries bio et commerce équitable;sachet-oursons-grenade-bio-20gr.png;Sachet oursons grenade bio;20gr;False
Sachet P'tit Strudel; Biscuits - Viennoiseries - Pompote;sachet-p'tit-strudel-20gr.png;Sachet P'tit Strudel;20gr;False
Sachet roller fantaisie;Confiseries fantaisies;sachet-roller-fantaisie-20gr.png;Sachet roller fantaisie;20gr;False
Sachet Schtroumpfs Haribo;Confiseries fantaisies;sachet-schtroumpfs-haribo-40gr.png;Sachet Schtroumpfs Haribo;40gr;False
Sachet Tagada Haribo;Confiseries fantaisies;sachet-tagada-haribo-30gr.png;Sachet Tagada Haribo;30gr;False
Schokobon Kinder lait;Confiseries chocolatées;schokobon-kinder-lait-5gr.png;Schokobon Kinder lait;5gr;False
Sifflet poudre;Confiseries fantaisies;sifflet-poudre-4-5gr.png;Sifflet poudre;4.5gr;False
Spéculoos commerce équitable Solidarmonde;Confiseries bio et commerce équitable;speculos-commerce-equitable-solidarmonde.png;Spéculoos commerce équitable Solidarmonde;-;False
Stick Dipper XL framboise;Confiseries fantaisies;stick-dipper-xl-framboise-10-5gr.png;Stick Dipper XL framboise;10.5gr;False
Sucette bio vegan sans gluten;Confiseries bio et commerce équitable;sucette-bio-vegan-sans-gluten-6gr.png;Sucette bio vegan sans gluten;6gr;False
Sucette Chupa;Confiseries fantaisies;sucette-chupa-12gr.png;Sucette Chupa;12gr;False
Sucette dextrose emballée;Confiseries fantaisies;sucette-dextrose-emballee-10gr.png;Sucette dextrose emballée;10gr;False
Sucette fruits bio vegan;Confiseries bio et commerce équitable;sucette-fruits-bio-vegan-6gr.png;Sucette fruits bio vegan;6gr;False
Sucette YumEarth bio;Confiseries bio et commerce équitable;sucette-yumearth-bio-6gr.png;Sucette YumEarth bio;6gr;False
Top fruits poudre;Confiseries fantaisies;top-fruits-poudre-8gr.png;Top fruits poudre;8gr;False
Torsade guimauve;Confiseries fantaisies;torsade-guimauve-6gr.png;Torsade guimauve;6gr;False
Tube Smarties Nestlé;Barres chocolatées;tube-smarties-nestle-38gr.png;Tube Smarties Nestlé;38gr;False
Twist Drink goût fraise;Jus de fruits;twist-drink-gout-fraise-20cl.png;Twist Drink goût fraise;20cl;False
Twix x2 chocolat lait;Barres chocolatées;twix-x2-chocolat-lait-2x25gr.png;Twix x2 chocolat lait;2x25gr;False
Valisette carton décor lapin;Confiseries et emballages de Pâques;valisette-carton-decor-lapin.png;Valisette carton décor lapin;-;False
